{"app":["/app-9dd2deb39acfa28d2faf.js"],"component---src-pages-404-js":["/component---src-pages-404-js-5d4d5aa8adc833c2cd0a.js"],"component---src-pages-create-team-js":["/component---src-pages-create-team-js-07876ee92cf471569805.js"],"component---src-pages-index-js":["/component---src-pages-index-js-9383735dcc7d4c0f257f.js"],"component---src-pages-login-js":["/component---src-pages-login-js-5ecc2609d05f12317867.js"],"component---src-pages-match-booking-js":["/component---src-pages-match-booking-js-edd32e7d1bc909aa047d.js"],"component---src-pages-signup-js":["/component---src-pages-signup-js-e11af3230d2aac1b89d8.js"],"component---src-pages-tournaments-js":["/component---src-pages-tournaments-js-6ee3669ae909ca903d9f.js"]}