{"name":"build-javascript","namedChunkGroups":{"app":{"name":"app","assets":[{"name":"webpack-runtime-e009f76909a45edffa23.js","size":4204},{"name":"styles.e6accbf765c4c979bcd3.css","size":28694},{"name":"framework-f172eaac4e1f9805d0bf.js","size":140757},{"name":"app-9dd2deb39acfa28d2faf.js","size":455702}],"filteredAssets":0,"assetsSize":629357,"filteredAuxiliaryAssets":8,"auxiliaryAssetsSize":2663289},"component---src-pages-404-js":{"name":"component---src-pages-404-js","assets":[{"name":"component---src-pages-404-js-5d4d5aa8adc833c2cd0a.js","size":760}],"filteredAssets":0,"assetsSize":760,"filteredAuxiliaryAssets":1,"auxiliaryAssetsSize":1847},"component---src-pages-create-team-js":{"name":"component---src-pages-create-team-js","assets":[{"name":"styles.e6accbf765c4c979bcd3.css","size":28694},{"name":"65346c05b2f1f1336236c04ed526dd62fe8ae4f4-cc7aa0133117310691c8.js","size":35561},{"name":"component---src-pages-create-team-js-07876ee92cf471569805.js","size":7766}],"filteredAssets":0,"assetsSize":72021,"filteredAuxiliaryAssets":6,"auxiliaryAssetsSize":578396},"component---src-pages-index-js":{"name":"component---src-pages-index-js","assets":[{"name":"styles.e6accbf765c4c979bcd3.css","size":28694},{"name":"component---src-pages-index-js-9383735dcc7d4c0f257f.js","size":2233}],"filteredAssets":0,"assetsSize":30927,"filteredAuxiliaryAssets":5,"auxiliaryAssetsSize":392539},"component---src-pages-login-js":{"name":"component---src-pages-login-js","assets":[{"name":"styles.e6accbf765c4c979bcd3.css","size":28694},{"name":"65346c05b2f1f1336236c04ed526dd62fe8ae4f4-cc7aa0133117310691c8.js","size":35561},{"name":"component---src-pages-login-js-5ecc2609d05f12317867.js","size":2453}],"filteredAssets":0,"assetsSize":66708,"filteredAuxiliaryAssets":6,"auxiliaryAssetsSize":559981},"component---src-pages-match-booking-js":{"name":"component---src-pages-match-booking-js","assets":[{"name":"styles.e6accbf765c4c979bcd3.css","size":28694},{"name":"cb355538-d124c135083b9d8f1501.js","size":1409},{"name":"component---src-pages-match-booking-js-edd32e7d1bc909aa047d.js","size":7209}],"filteredAssets":0,"assetsSize":37312,"filteredAuxiliaryAssets":6,"auxiliaryAssetsSize":1824043},"component---src-pages-signup-js":{"name":"component---src-pages-signup-js","assets":[{"name":"styles.e6accbf765c4c979bcd3.css","size":28694},{"name":"65346c05b2f1f1336236c04ed526dd62fe8ae4f4-cc7aa0133117310691c8.js","size":35561},{"name":"component---src-pages-signup-js-e11af3230d2aac1b89d8.js","size":2808}],"filteredAssets":0,"assetsSize":67063,"filteredAuxiliaryAssets":6,"auxiliaryAssetsSize":561981},"component---src-pages-tournaments-js":{"name":"component---src-pages-tournaments-js","assets":[{"name":"styles.e6accbf765c4c979bcd3.css","size":28694},{"name":"component---src-pages-tournaments-js-6ee3669ae909ca903d9f.js","size":2590}],"filteredAssets":0,"assetsSize":31284,"filteredAuxiliaryAssets":5,"auxiliaryAssetsSize":392471}},"assetsByChunkName":{"app":["webpack-runtime-e009f76909a45edffa23.js","styles.e6accbf765c4c979bcd3.css","framework-f172eaac4e1f9805d0bf.js","app-9dd2deb39acfa28d2faf.js"],"component---src-pages-404-js":["component---src-pages-404-js-5d4d5aa8adc833c2cd0a.js"],"component---src-pages-create-team-js":["styles.e6accbf765c4c979bcd3.css","65346c05b2f1f1336236c04ed526dd62fe8ae4f4-cc7aa0133117310691c8.js","component---src-pages-create-team-js-07876ee92cf471569805.js"],"component---src-pages-index-js":["styles.e6accbf765c4c979bcd3.css","component---src-pages-index-js-9383735dcc7d4c0f257f.js"],"component---src-pages-login-js":["styles.e6accbf765c4c979bcd3.css","65346c05b2f1f1336236c04ed526dd62fe8ae4f4-cc7aa0133117310691c8.js","component---src-pages-login-js-5ecc2609d05f12317867.js"],"component---src-pages-match-booking-js":["styles.e6accbf765c4c979bcd3.css","cb355538-d124c135083b9d8f1501.js","component---src-pages-match-booking-js-edd32e7d1bc909aa047d.js"],"component---src-pages-signup-js":["styles.e6accbf765c4c979bcd3.css","65346c05b2f1f1336236c04ed526dd62fe8ae4f4-cc7aa0133117310691c8.js","component---src-pages-signup-js-e11af3230d2aac1b89d8.js"],"component---src-pages-tournaments-js":["styles.e6accbf765c4c979bcd3.css","component---src-pages-tournaments-js-6ee3669ae909ca903d9f.js"]},"childAssetsByChunkName":{}}